{
  "best": {
    "baseline_bf16": {
      "file": "baseline_bf16.json",
      "stem": "baseline_bf16",
      "group": "baseline_bf16",
      "num_speculative_tokens": null,
      "output_throughput": 838.4434155634837,
      "total_token_throughput": 1087.2744253190917,
      "request_throughput": 3.275169592044858,
      "mean_ttft_ms": 659.9815819625292,
      "p99_ttft_ms": 5993.710134640569,
      "mean_tpot_ms": 6.986003460293681,
      "p99_tpot_ms": 7.109345720117047,
      "mean_itl_ms": 6.986004049018964,
      "acceptance_rate": null,
      "acceptance_length": null,
      "drafts": null,
      "draft_tokens": null,
      "accepted_tokens": null,
      "per_position_acceptance": null,
      "completed": 80,
      "failed": 0,
      "duration": 24.426216032999946
    },
    "spec_bf16": {
      "file": "spec_bf16_n1.json",
      "stem": "spec_bf16_n1",
      "group": "spec_bf16",
      "num_speculative_tokens": 1,
      "output_throughput": 1201.126200193509,
      "total_token_throughput": 1558.4481641099178,
      "request_throughput": 4.703151877807289,
      "mean_ttft_ms": 126.0375301875456,
      "p99_ttft_ms": 1036.2382522996268,
      "mean_tpot_ms": 5.842312372919076,
      "p99_tpot_ms": 7.904540950470079,
      "mean_itl_ms": 7.998544931382483,
      "acceptance_rate": 37.026572485704676,
      "acceptance_length": 1.3702657248570467,
      "drafts": 14865,
      "draft_tokens": 14865,
      "accepted_tokens": 5504,
      "per_position_acceptance": [
        0.37026572485704673
      ],
      "completed": 80,
      "failed": 0,
      "duration": 17.009869568000795
    },
    "fp8": {
      "file": "fp8.json",
      "stem": "fp8",
      "group": "fp8",
      "num_speculative_tokens": null,
      "output_throughput": 1069.6563932780869,
      "total_token_throughput": 1387.106176400363,
      "request_throughput": 4.178345286242527,
      "mean_ttft_ms": 593.0301558624706,
      "p99_ttft_ms": 6054.033306290512,
      "mean_tpot_ms": 5.178476807598189,
      "p99_tpot_ms": 9.876830791844391,
      "mean_itl_ms": 5.178477356911678,
      "acceptance_rate": null,
      "acceptance_length": null,
      "drafts": null,
      "draft_tokens": null,
      "accepted_tokens": null,
      "per_position_acceptance": null,
      "completed": 80,
      "failed": 0,
      "duration": 19.146335336001357
    },
    "fp8_spec": {
      "file": "fp8_spec_n2.json",
      "stem": "fp8_spec_n2",
      "group": "fp8_spec",
      "num_speculative_tokens": 2,
      "output_throughput": 1628.4215663727798,
      "total_token_throughput": 2111.7001933461074,
      "request_throughput": 6.361021743643671,
      "mean_ttft_ms": 60.09106956225878,
      "p99_ttft_ms": 429.5622085599279,
      "mean_tpot_ms": 4.481253738382364,
      "p99_tpot_ms": 5.0784612461969045,
      "mean_itl_ms": 6.50473809292675,
      "acceptance_rate": 22.66614486978796,
      "acceptance_length": 1.4533228973957593,
      "drafts": 14054,
      "draft_tokens": 28108,
      "accepted_tokens": 6371,
      "per_position_acceptance": [
        0.36445140173616053,
        0.08887149565959869
      ],
      "completed": 80,
      "failed": 0,
      "duration": 12.576595902999543
    }
  },
  "all": [
    {
      "file": "baseline_bf16.json",
      "stem": "baseline_bf16",
      "group": "baseline_bf16",
      "num_speculative_tokens": null,
      "output_throughput": 838.4434155634837,
      "total_token_throughput": 1087.2744253190917,
      "request_throughput": 3.275169592044858,
      "mean_ttft_ms": 659.9815819625292,
      "p99_ttft_ms": 5993.710134640569,
      "mean_tpot_ms": 6.986003460293681,
      "p99_tpot_ms": 7.109345720117047,
      "mean_itl_ms": 6.986004049018964,
      "acceptance_rate": null,
      "acceptance_length": null,
      "drafts": null,
      "draft_tokens": null,
      "accepted_tokens": null,
      "per_position_acceptance": null,
      "completed": 80,
      "failed": 0,
      "duration": 24.426216032999946
    },
    {
      "file": "fp8.json",
      "stem": "fp8",
      "group": "fp8",
      "num_speculative_tokens": null,
      "output_throughput": 1069.6563932780869,
      "total_token_throughput": 1387.106176400363,
      "request_throughput": 4.178345286242527,
      "mean_ttft_ms": 593.0301558624706,
      "p99_ttft_ms": 6054.033306290512,
      "mean_tpot_ms": 5.178476807598189,
      "p99_tpot_ms": 9.876830791844391,
      "mean_itl_ms": 5.178477356911678,
      "acceptance_rate": null,
      "acceptance_length": null,
      "drafts": null,
      "draft_tokens": null,
      "accepted_tokens": null,
      "per_position_acceptance": null,
      "completed": 80,
      "failed": 0,
      "duration": 19.146335336001357
    },
    {
      "file": "fp8_spec_n1.json",
      "stem": "fp8_spec_n1",
      "group": "fp8_spec",
      "num_speculative_tokens": 1,
      "output_throughput": 1032.1340278459393,
      "total_token_throughput": 1339.1375817877824,
      "request_throughput": 4.04084967346947,
      "mean_ttft_ms": 746.7871409123063,
      "p99_ttft_ms": 7344.813219280368,
      "mean_tpot_ms": 4.402295736632136,
      "p99_tpot_ms": 7.607390050746551,
      "mean_itl_ms": 5.96064785314312,
      "acceptance_rate": 35.51047555703359,
      "acceptance_length": 1.355104755570336,
      "drafts": 15035,
      "draft_tokens": 15035,
      "accepted_tokens": 5339,
      "per_position_acceptance": [
        0.3551047555703359
      ],
      "completed": 80,
      "failed": 0,
      "duration": 19.797816415999478
    },
    {
      "file": "fp8_spec_n2.json",
      "stem": "fp8_spec_n2",
      "group": "fp8_spec",
      "num_speculative_tokens": 2,
      "output_throughput": 1628.4215663727798,
      "total_token_throughput": 2111.7001933461074,
      "request_throughput": 6.361021743643671,
      "mean_ttft_ms": 60.09106956225878,
      "p99_ttft_ms": 429.5622085599279,
      "mean_tpot_ms": 4.481253738382364,
      "p99_tpot_ms": 5.0784612461969045,
      "mean_itl_ms": 6.50473809292675,
      "acceptance_rate": 22.66614486978796,
      "acceptance_length": 1.4533228973957593,
      "drafts": 14054,
      "draft_tokens": 28108,
      "accepted_tokens": 6371,
      "per_position_acceptance": [
        0.36445140173616053,
        0.08887149565959869
      ],
      "completed": 80,
      "failed": 0,
      "duration": 12.576595902999543
    },
    {
      "file": "fp8_spec_n3.json",
      "stem": "fp8_spec_n3",
      "group": "fp8_spec",
      "num_speculative_tokens": 3,
      "output_throughput": 1569.8637882127434,
      "total_token_throughput": 2035.7637933278338,
      "request_throughput": 6.132280422706029,
      "mean_ttft_ms": 54.43271577489668,
      "p99_ttft_ms": 349.6224682997308,
      "mean_tpot_ms": 4.6426084092154625,
      "p99_tpot_ms": 5.397044395645863,
      "mean_itl_ms": 6.778501740695267,
      "acceptance_rate": 15.426090275789676,
      "acceptance_length": 1.4627827082736902,
      "drafts": 13972,
      "draft_tokens": 41916,
      "accepted_tokens": 6466,
      "per_position_acceptance": [
        0.35936158030346405,
        0.08703120526767821,
        0.01638992270254795
      ],
      "completed": 80,
      "failed": 0,
      "duration": 13.04571782200037
    },
    {
      "file": "fp8_spec_n4.json",
      "stem": "fp8_spec_n4",
      "group": "fp8_spec",
      "num_speculative_tokens": 4,
      "output_throughput": 1562.2938450821741,
      "total_token_throughput": 2026.9000683138725,
      "request_throughput": 6.115251375211563,
      "mean_ttft_ms": 63.47069128746625,
      "p99_ttft_ms": 449.00878722975904,
      "mean_tpot_ms": 4.647656084099688,
      "p99_tpot_ms": 5.360732848979428,
      "mean_itl_ms": 6.767927901573564,
      "acceptance_rate": 15.262279446828803,
      "acceptance_length": 1.457868383404864,
      "drafts": 13980,
      "draft_tokens": 41940,
      "accepted_tokens": 6401,